Entidad,Año,POB_TOT,IM,ANALF,SBASC,OVSDE,OVSEE,OVSAE,OVPT,VHAC,PL_5000,PO2SM,Tasa_Delictiva
AGUASCALIENTES,2015,1312544.0,17.883963741272,2.60135330015205,29.721797152457,0.681147229693863,0.304154851342315,0.813920146906753,0.752951839769041,21.8622318405905,25.162585025721,34.604084130078,1770.4549333203306
BAJA CALIFORNIA,2015,3315766.0,18.4641382892735,1.96160102947101,30.0778409571577,0.26893414434618,0.472493316247665,2.81770524236432,1.14890434104734,23.0322228836172,10.349162154386,22.845515774548,3653.032210355013
BAJA CALIFORNIA SUR,2015,712029.0,17.3205948867913,2.50545082678913,29.4391266440469,0.386484526000296,1.13624022397585,7.14691836144442,4.08364982398305,26.230969820148,15.6188863094059,22.365039369088,3015.3266229324927
CAMPECHE,2015,899931.0,13.6845553788345,6.68154732186611,35.7437914707475,4.08561946513364,1.58928746185532,6.48931402715335,2.94920887380072,37.9317830854493,30.8754782311088,40.6939396500718,221.57254278383564
CHIAPAS,2015,5217908.0,8.44980122607863,14.9840972447816,53.4005654537931,2.94114202131575,2.48550375529993,13.4457848619921,11.7753967527186,44.460574046607,57.856520275942,62.4633918652968,419.19098611934135
CHIHUAHUA,2015,3556574.0,16.8217094724845,2.66724160407537,33.3086597739798,1.38152305617208,1.80571841411914,2.38877213429939,1.75880869013813,22.159111664878,17.0499193887151,34.7698629578269,1786.5788818115414
CIUDAD DE MEXICO,2015,9209944.0,23.1431092825321,1.42962125095984,17.6419644813308,0.0519522363374757,0.0518195615506952,1.24110360741188,0.633648831513289,14.3978042602539,1.00798658493472,56.1321676549178,1846.905909525617
COAHUILA DE ZARAGOZA,2015,2954915.0,18.4009442352074,1.98787015607382,28.0554748504077,0.620634180862887,0.29076688156414,1.66570295749127,0.657853409452458,23.6179263141485,12.1486404854285,27.9440149349759,1597.0340940433143
COLIMA,2015,711235.0,17.4324510774094,3.90134899637053,33.7948714514301,0.390444319767532,0.38360956320052,0.957735687485211,2.4468922774725,25.6528807799905,14.4749625651156,31.1779342646652,928.1039318931155
DURANGO,2015,1754754.0,14.9422356315564,3.17413199132073,34.460744777585,3.6973424881329,2.62899716971123,3.25777437041803,4.32791102247169,24.5837597115414,36.1884913782787,39.1608547925608,1685.1934801117422
GUANAJUATO,2015,5853677.0,15.1076642591183,6.38822011736245,41.7690543669152,3.36328864728882,0.676699829341614,4.134265880683,2.00233879068303,25.3617891512194,34.6713868906672,37.4075386650175,1664.9534984591735
GUERRERO,2015,3533251.0,6.92834417383611,13.7290228588981,48.3168312147146,13.2168154997557,2.3977122183773,15.6419896721792,14.8601748496675,42.1141185814319,49.6807614290635,53.2918950518008,1064.8266992636527
HIDALGO,2015,2858359.0,13.558748763081,8.26314254390603,36.3389701692535,3.11141112267419,1.11524905862764,5.82784988224973,3.19370370578516,28.1651414991982,58.7141083397852,46.2155932633172,965.5540119348199
JALISCO,2015,7844830.0,17.5845618605123,3.54770474189122,36.0552870397427,0.871726784471499,0.338153339229131,1.8354328377803,1.58678931905334,22.1244171986821,17.4983524180894,29.3981277039679,1229.8928083846304
MEXICO,2015,16187608.0,16.9152814588972,3.36599480775591,30.0810563228787,1.71047201809961,0.380599681948195,4.02911276988739,1.91857183841604,28.5259240570203,19.1079373802479,35.2768769875248,2029.8737157460203
MICHOACAN DE OCAMPO,2015,4584471.0,13.8615939251412,8.35267900757854,48.9148950452504,2.37411783931053,0.80747713032732,4.2551058167887,5.89515784284905,28.0497260893771,40.5787276220092,44.8802890945895,698.5538789535369
MORELOS,2015,1903811.0,16.0907780822188,4.99254774336242,32.662157064775,1.05585589224214,0.439248130984993,5.81455327893013,3.87926988128451,27.0432791188439,24.6541279570293,42.0758084126048,2597.2115929574943
NAYARIT,2015,1181050.0,14.0303926391148,5.06722497816365,34.3522126612834,4.71736504464182,2.53899494761114,4.36155477606905,3.91756022790795,27.6302436997311,39.144659413234,37.9625968949204,578.129630413615
NUEVO LEON,2015,5119504.0,19.2261232040888,1.64296130072884,24.446504911541,0.161359897763072,0.121928206090935,1.36357526908055,0.801975737671179,23.0940482317794,6.69660576493348,16.1476499020361,1501.981441952189
OAXACA,2015,3967889.0,9.30642055743373,13.6546777433055,51.5338562848325,2.4321343134859,2.87447462527698,13.0536496115228,13.4369392908904,38.3326608510792,61.5084746574312,49.456091234949,156.58200115981066
PUEBLA,2015,6168883.0,13.4400521712335,8.38667031015293,43.9127731047864,1.59713207925292,0.878059090595011,6.93796091775292,5.68843624519429,35.269064577306,38.4971963319778,52.1636900020327,1055.6854458092332
QUERETARO,2015,2038372.0,16.3114936387848,4.57161651044236,31.7764187048744,2.95730663184144,0.670498601695643,3.23089615699663,1.52326183774329,24.2096035769861,39.0743200946638,25.9233549905725,1694.9310528205842
QUINTANA ROO,2015,1501562.0,16.2311018668968,3.89758373632097,28.5714215614317,2.19195130418937,1.11466879327451,2.69679796089583,2.41440161878453,36.3095805907978,14.36304328426,28.3207635439357,2187.322268411161
SAN LUIS POTOSI,2015,2717820.0,13.7855139051702,6.33302557636925,37.5082120610844,2.35229722575386,2.2866463931373,10.6767011463767,5.55532392742751,25.2144212951864,40.0838539711975,43.639170645021,793.172469111273
SINALOA,2015,2966321.0,16.0652592115959,4.18250104016353,34.4799717777944,2.59352787663963,0.519913889894752,2.99349120676517,2.84925549745875,30.3715501839985,32.8534234831632,32.7047842638123,907.8585898154649
SONORA,2015,2850330.0,17.4070103082885,2.19441098353886,27.4263189589007,1.04682093149668,1.05036082258913,2.51703571479168,2.60712596691787,26.6337087561486,17.3884427417176,29.9264313930378,1067.244845333698
TABASCO,2015,2395272.0,14.9555131088142,5.40175783583605,33.5578890944895,1.86836478696785,0.434187341010136,10.102466609067,3.69427569632558,32.5030318256398,53.6482704260727,36.9571917470462,2458.0506931989353
TAMAULIPAS,2015,3441698.0,17.190712275749,3.03485925293348,32.272016759751,0.36969687186749,0.733854088530326,2.51082490909992,1.51719387890947,28.6942426436492,13.9193212187705,37.3857104981216,1341.9248289652376
TLAXCALA,2015,1272847.0,15.9201616701715,3.9805214194455,32.5448296235866,1.40062731648015,0.474084581910713,1.13626709710305,2.00266128104105,31.9975492172006,36.3957333442276,51.4658846926044,661.5091994560225
VERACRUZ DE IGNACIO DE LA LLAVE,2015,8112505.0,12.4082411320987,9.51237300984314,45.384072252598,1.57754371553066,1.62146267159732,13.3912909129658,6.83908124880719,32.033619382218,46.2013767634041,49.6774489869824,565.065907509456
YUCATAN,2015,2097175.0,12.6091885429939,7.46654777149315,39.1906398766501,10.1056838339162,1.08221698378918,1.64192050517399,1.67399019409144,36.4221971229629,26.2744406165437,47.6043202227064,1655.3697235566895
ZACATECAS,2015,1579209.0,15.2194374444135,4.42083221632118,39.3912619896321,4.19645702703823,0.624625332527283,3.12836110739635,1.24845205021229,24.9936652881696,48.1853890143737,45.3963408921027,1057.17482613131
AGUASCALIENTES,2016,1335156.6,18.74831516255682,2.503472706975646,28.493090574357602,0.6147170509332894,0.2897151612052704,0.7616726193179719,0.7572975837606984,20.11622361334154,24.38470481739388,39.38413775326502,1780.2406099778855
BAJA CALIFORNIA,2016,3406416.8,19.04737011270564,1.935094243820096,28.99860241177044,0.2551172278216466,0.4948077684115008,2.67408164270827,1.302028041928396,21.34369288819258,9.970379386285863,32.98658472495702,3250.0720405089596
BAJA CALIFORNIA SUR,2016,729312.6,18.1511534938714,2.471611811440866,28.347717367981662,0.39317541409976997,1.1012084618977367,6.796196714064943,4.278738651269274,24.704946067910402,14.55110024042794,26.98942712355014,3391.824027172985
CAMPECHE,2016,905617.4,14.508654583292639,6.51786502211407,34.551319033319444,3.771918526856166,1.48047641761618,5.986601547299632,2.8967844948102397,36.34019041489264,30.68515362811044,46.556404558519574,256.06840151260343
CHIAPAS,2016,5283092.0,9.159571813991745,14.7274137978946,52.34436233074236,2.8446964295318122,2.348123245725306,12.89185549638394,11.8980316070717,42.78733817405318,57.812262153636084,67.08476837367925,422.1012997691504
CHIHUAHUA,2016,3593633.0,17.46042186326,2.6598094344984697,32.107876342133935,1.388520081278092,1.776716873892988,2.242413843799292,1.843731797369812,20.44720300530328,16.51711266495582,41.155540135524,1676.0754367516104
CIUDAD DE MEXICO,2016,9209944.0,23.1431092825321,1.42962125095984,17.6419644813308,0.0519522363374757,0.0518195615506952,1.24110360741188,0.633648831513289,14.3978042602539,1.00798658493472,56.1321676549178,1955.7882219479295
COAHUILA DE ZARAGOZA,2016,2993286.2,19.229892242822842,1.924772218300272,26.74317387808792,0.556282198281227,0.26657796783911136,1.5206608196727573,0.6758127017922878,21.589375650623,11.72683733744142,34.36133938522972,1721.4859040208048
COLIMA,2016,715266.2,18.25242656247718,3.795548791240988,32.59969223859624,0.36612808857727724,0.3724078967577048,0.898662073896965,2.482237354147548,23.58454160061594,14.27929230243464,36.88798528475136,1872.4497257105118
DURANGO,2016,1770333.2,15.648336421586201,3.084438379565922,33.06664379286822,3.52672955579635,2.521771650344838,3.06791629429169,4.313790783094603,22.90948556769504,35.450452066418556,45.17969601042058,1847.9007228695707
GUANAJUATO,2016,5916328.4,15.97002274396194,6.169501597387006,40.1203106374394,3.0764239078263023,0.6165044872490776,3.8900193520183204,2.085531030953042,23.66892388994524,34.38976381368244,43.34367112332054,1822.9718282710608
GUERRERO,2016,3534737.8,7.740506486497308,13.47747047241332,47.16423728642382,12.450203395798331,2.20037108530332,14.82344877083258,14.94153456797132,40.263320927157245,49.37364420285084,58.68920138772572,1065.3689787118017
HIDALGO,2016,2903255.4,14.457634541607101,7.934805846511418,35.05218002454958,2.869249907662422,1.0200592540793256,5.436360951423598,3.1250815758188257,26.23568184865056,57.737141933257476,51.76160743399854,1170.3758477466365
JALISCO,2016,7945494.2,18.43067904057006,3.417296773074416,34.75140317073312,0.8109530840357364,0.3301651561245426,1.6191659892868795,1.60093833015221,20.50420542795202,17.23130194817276,34.68957243878008,1736.934122990109
MEXICO,2016,16348570.0,17.69295218149596,3.273367564084664,29.05673085913282,1.61063916394258,0.357148799269174,3.78008404930402,1.95178780741795,26.96115214844828,19.11589670560116,41.42203917309082,2015.9867193277455
MICHOACAN DE OCAMPO,2016,4617346.0,14.7454412997667,8.091180583733097,47.61393676749682,2.172717702988166,0.7436645506435928,3.968211220060572,5.834272766517072,26.204916827312218,39.968190731452296,50.02847363657952,724.7453407217047
MORELOS,2016,1917352.8,16.83541004998132,4.883214896267599,31.635896578412723,0.9915109423297948,0.4107986249173252,5.496425911509164,3.923941256779556,25.49045482278508,24.949391880312618,48.37817315138416,2394.342866894397
NAYARIT,2016,1191931.2,14.72750589731368,4.951022001059376,33.29236127654016,4.568090031798626,2.456456844418854,4.093490493650878,3.931210740805198,25.70619347968234,38.60987641164812,43.33456499175058,317.63578300492514
NUEVO LEON,2016,5252491.6,20.06976222797062,1.60750345059051,23.37039364202688,0.149379313788604,0.1194368618103654,1.2313705309671605,0.7990169957915376,21.11485764975458,6.384782164865458,22.27648020250014,1697.7847237299723
OAXACA,2016,4000740.8,10.088418337334444,13.28861003698026,50.283804426702005,2.3333195453966917,2.684458578687974,12.442362914172712,13.54822340153102,36.55676817671296,61.0870753978328,55.33487824741392,815.8489047828343
PUEBLA,2016,6251762.0,14.29636167105846,8.10431347187226,42.50430481673114,1.504127485201882,0.825231946584689,6.481465844625879,5.618001051768806,33.320317579813555,38.014228859724916,57.19053024041848,820.744615677948
QUERETARO,2016,2038372.0,16.3114936387848,4.57161651044236,31.7764187048744,2.95730663184144,0.670498601695643,3.23089615699663,1.52326183774329,24.2096035769861,39.0743200946638,25.9233549905725,2182.0354675201584
QUINTANA ROO,2016,1572846.6,17.11065388127868,3.732000743708642,27.36276096549942,1.9817039576223001,1.0565524062502332,2.488948215543798,2.416149651778004,34.27464468198882,13.78384388528684,34.10871886558518,1211.688412588996
SAN LUIS POTOSI,2016,2738707.0,14.766012894148659,6.06947238301176,35.87062878010792,2.185560071310336,2.0655766283725017,10.069386972950578,5.437526447806975,23.525904483048542,39.27272547363212,47.8872896529387,1048.7065611618914
SINALOA,2016,2978445.4,16.9541777834779,4.057164844759791,33.35667148808242,2.349580755417984,0.49573412046372756,2.6754268708805258,2.7316075075763,28.0703015180484,32.134656050912476,38.51685629077212,770.9055200407569
SONORA,2016,2869232.0,18.20673629696906,2.154421604835222,26.4222271284627,0.9690308657766706,0.9729598922394604,2.273326800777132,2.570611222989334,24.63175109305364,16.94185944866808,36.58442774536622,1422.1575669029203
TABASCO,2016,2396737.2,15.63090066865212,5.339060839215542,32.68063222462952,1.84663598499477,0.4457589538443948,9.318007048907882,3.6290318306152622,31.22044914215246,53.57231704318122,43.91642044851662,2503.111313163579
TAMAULIPAS,2016,3458905.4,17.95188629340976,2.943694371822002,30.97635824958648,0.3451001888715362,0.6727001631694002,2.333338991398692,1.497115963416942,26.44074224419182,13.38356234574294,45.1622210826999,1451.3551021083144
TLAXCALA,2016,1286873.0,16.710276469406622,3.854967055163606,31.4240151900133,1.3005261660275844,0.460613514386162,1.087930101903617,1.9616075874042678,30.04510472715404,35.5426833248407,56.93520608169356,530.743904021609
VERACRUZ DE IGNACIO DE LA LLAVE,2016,8102519.8,13.2094244065592,9.309757261266371,44.28242247278876,1.513601564548516,1.510787676129356,12.448002530267278,6.667858908519384,30.24574926554002,46.13344192360384,55.3651983445014,530.9582828788645
YUCATAN,2016,2141919.6,13.58979337396912,7.17250529646001,37.6616868253368,9.25828956628871,1.0033720007227802,1.526139683804332,1.621416506789726,34.372380272222856,25.68296294901544,52.0196517684265,1602.020916191252
ZACATECAS,2016,1587794.8,16.07499632217674,4.28838321920482,37.97549893178996,3.820448777723858,0.5916677875132265,2.869482590627646,1.248062015904298,23.24458318573588,47.43306700909448,50.70139894673832,1107.7627915143694
AGUASCALIENTES,2017,1357769.2,19.61266658384164,2.405592113799242,27.2643839962582,0.5482868721727158,0.2752754710682258,0.709425091729191,0.7616433277523558,18.37021538609258,23.60682460906676,44.16419137645204,2473.027080007412
BAJA CALIFORNIA,2017,3497067.6,19.63060193613778,1.908587458169182,27.91936386638318,0.2413003112971132,0.5171222205753366,2.53045804305222,1.455151742809452,19.65516289276796,9.591596618185724,43.127653675366034,3243.1457716173404
BAJA CALIFORNIA SUR,2017,746596.2,18.9817121009515,2.437772796092602,27.25630809191642,0.39986630219924396,1.0661766998196236,6.445475066685468,4.473827478555498,23.1789223156728,13.48331417144998,31.613814878012278,3279.550579014466
CAMPECHE,2017,911303.8,15.33275378775078,6.35418272236203,33.35884659589138,3.4582175885786923,1.37166537337704,5.483889067445914,2.84436011581976,34.74859774433598,30.494829025112082,52.41886946696736,234.93811833112076
CHIAPAS,2017,5348276.0,9.86934240190486,14.4707303510076,51.28815920769162,2.7482508377478743,2.210742736150682,12.33792613077578,12.020666461424799,41.11410230149936,57.768004031330165,71.70614488206172,477.050922577668
CHIHUAHUA,2017,3630692.0,18.099134254035498,2.65237726492157,30.90709291028808,1.395517106384104,1.747715333666836,2.0960555532991942,1.928654904601494,18.735294345728562,15.98430594119654,47.5412173132211,1977.2263799848622
CIUDAD DE MEXICO,2017,9209944.0,23.1431092825321,1.42962125095984,17.6419644813308,0.0519522363374757,0.0518195615506952,1.24110360741188,0.633648831513289,14.3978042602539,1.00798658493472,56.1321676549178,2219.0905829611993
COAHUILA DE ZARAGOZA,2017,3031657.4,20.05884025043828,1.861674280526724,25.43087290576814,0.491930215699567,0.2423890541140828,1.3756186818542444,0.6937719941321175,19.5608249870975,11.30503418945434,40.77866383548354,1867.2624419896522
COLIMA,2017,719297.4,19.07240204754496,3.689748586111446,31.404513025762377,0.3418118573870224,0.3612062303148896,0.839588460308719,2.5175824308225963,21.51620242124138,14.08362203975368,42.59803630483752,3413.747915674379
DURANGO,2017,1785912.4,16.354437211616002,2.994744767811114,31.67254280815144,3.3561166234598,2.414546130978446,2.87805821816535,4.299670543717518,21.23521142384868,34.71241275455842,51.19853722828036,1988.0594367338513
GUANAJUATO,2017,5978979.8,16.83238122880558,5.950783077411562,38.4715669079636,2.789559168363784,0.5563091451565412,3.6457728233536404,2.168723271223054,21.97605862867108,34.10814073669768,49.27980358162358,2004.489127058098
GUERRERO,2017,3536224.6,8.552668799158507,13.225918085928539,46.011643358133036,11.68359129184096,2.00302995222934,14.00490786948596,15.02289428627514,38.41252327288258,49.06652697663818,64.08650772365064,948.469166805751
HIDALGO,2017,2948151.8,15.356520320133201,7.606469149116806,33.76538987984566,2.627088692650654,0.9248694495310112,5.044872020597466,3.056459445852492,24.30622219810292,56.76017552672976,57.30762160467988,1500.8725127383198
JALISCO,2017,8046158.4,19.27679622062782,3.286888804257612,33.44751930172354,0.7501793835999738,0.3221769730199542,1.4028991407934592,1.61508734125108,18.88399365722194,16.96425147825612,39.981017173592264,2087.0332356370213
MEXICO,2017,16509532.0,18.47062290409472,3.1807403204134177,28.032405395386938,1.51080630978555,0.33369791659015297,3.53105532872065,1.98500377641986,25.39638023987626,19.12385603095442,47.56720135865684,2132.51956506096
MICHOACAN DE OCAMPO,2017,4650221.0,15.6292886743922,7.8296821598876525,46.31297848974324,1.971317566665802,0.6798519709598656,3.681316623332444,5.7733876901850945,24.36010756524734,39.357653840895395,55.17665817856954,921.6336169829347
MORELOS,2017,1930894.6,17.58004201774384,4.77388204917278,30.60963609205044,0.9271659924174496,0.3823491188496574,5.1782985440881975,3.9686126322746023,23.93763052672626,25.24465580359594,54.68053789016352,2306.858178587272
NAYARIT,2017,1202812.4,15.42461915551256,4.834819023955102,32.23250989179692,4.418815018955432,2.373918741226568,3.8254262112327058,3.944861253702446,23.782143259633582,38.075093410062244,48.70653308858076,281.5900467936646
NUEVO LEON,2017,5385479.2,20.91340125185244,1.57204560045218,22.29428237251276,0.137398729814136,0.1169455175297958,1.0991657928537708,0.7960582539118962,19.13566706772976,6.072958564797436,28.40531050296418,1631.3868596874352
OAXACA,2017,4033592.6,10.870416117235157,12.92254233065502,49.0337525685715,2.234504777307484,2.4944425320989683,11.831076216822623,13.65950751217164,34.78087550234672,60.6656761382344,61.21366525987884,820.335697759858
PUEBLA,2017,6334641.0,15.152671170883421,7.82195663359159,41.09583652867588,1.411122891150844,0.7724048025743669,6.024970771498836,5.547565858343322,31.37157058232112,37.531261387472036,62.21737047880426,860.3013177858066
QUERETARO,2017,2038372.0,16.3114936387848,4.57161651044236,31.7764187048744,2.95730663184144,0.670498601695643,3.23089615699663,1.52326183774329,24.2096035769861,39.0743200946638,25.9233549905725,2661.732009662613
QUINTANA ROO,2017,1644131.2,17.99020589566056,3.566417751096314,26.15410036956714,1.7714566110552301,0.9984360192259565,2.281098470191766,2.417897684771478,32.23970877317984,13.20464448631368,39.89667418723466,1619.5787781413067
SAN LUIS POTOSI,2017,2759594.0,15.74651188312712,5.80591918965427,34.23304549913144,2.018822916866812,1.844506863607704,9.462072799524456,5.319728968186438,21.83738767091068,38.46159697606674,52.1354086608564,1283.5583785151005
SINALOA,2017,2990569.8,17.8430963553599,3.9318286493560537,32.233371198370435,2.105633634196338,0.47155435103270316,2.357362534995882,2.61395951769385,25.7690528520983,31.41588861866176,44.328928317731936,792.7251856820062
SONORA,2017,2888134.0,19.00646228564962,2.114432226131584,25.4181352980247,0.8912408000566613,0.8955589618897909,2.029617886762584,2.534096479060798,22.62979342995868,16.495276155618562,43.24242409769464,916.7857170062055
TABASCO,2017,2398202.4,16.30628822849004,5.2763638425950345,31.80337535476954,1.8249071830216899,0.45733056667865357,8.533547488748763,3.563787964904944,29.93786645866512,53.49636366028974,50.87564914998704,2519.428718777031
TAMAULIPAS,2017,3476112.8,18.71306031107052,2.852529490710524,29.680699739421957,0.3205035058755824,0.6115462378084744,2.155853073697464,1.477038047924414,24.18724184473444,12.84780347271538,52.9387316672782,1396.7325801395168
TLAXCALA,2017,1300899.0,17.500391268641742,3.729412690881712,30.30320075644,1.2004250155750187,0.447142446861611,1.039593106704184,1.9205538937674858,28.09266023710748,34.6896333054538,62.404527470782725,541.0104858255713
VERACRUZ DE IGNACIO DE LA LLAVE,2017,8092534.6,14.0106076810197,9.107141512689603,43.180772692979524,1.449659413566372,1.400112680661392,11.504714147568755,6.496636568231578,28.45787914886204,46.06550708380358,61.052947702020404,828.4919782734078
YUCATAN,2017,2186664.2,14.570398204944341,6.8784628214268695,36.1327337740235,8.41089529866122,0.9245270176563803,1.410358862434674,1.568842819488012,32.32256342148282,25.09148528148718,56.4349833141466,1115.4433314452215
ZACATECAS,2017,1596380.6,16.93055519993998,4.15593422208846,36.559735873947815,3.444440528409486,0.5587102424991698,2.610604073858942,1.247671981596306,21.49550108330216,46.68074500381526,56.00645700137394,1212.7433771119493
AGUASCALIENTES,2018,1380381.8,20.47701800512646,2.307711520622838,26.0356774181588,0.4818566934121422,0.2608357809311812,0.65717756414041,0.7659890717440132,16.624207158843618,22.82894440073964,48.94424499963906,2816.6120416829604
BAJA CALIFORNIA,2018,3587718.4,20.21383375956992,1.882080672518268,26.84012532099592,0.2274833947725798,0.5394366727391724,2.38683444339617,1.608275443690508,17.966632897343338,9.212813850085587,53.268722625775055,2936.434476016847
BAJA CALIFORNIA SUR,2018,763879.8,19.8122707080316,2.403933780744338,26.16489881585118,0.406557190298718,1.0311449377415105,6.094753419305992,4.668916305841722,21.6528985634352,12.41552810247202,36.23820263247442,3087.0040024621676
CAMPECHE,2018,916990.2,16.15685299220892,6.19050042260999,32.16637415846332,3.144516650301218,1.2628543291379,4.981176587592196,2.79193573682928,33.15700507377932,30.30450442211372,58.281334375415135,247.43993992520316
CHIAPAS,2018,5413460.0,10.579112989817972,14.2140469041206,50.23195608464088,2.651805245963936,2.073362226576058,11.78399676516762,12.1433013157779,39.44086642894554,57.72374590902424,76.32752139044418,538.380259575207
CHIHUAHUA,2018,3667751.0,18.737846644811,2.64494509534467,29.70630947844222,1.402514131490116,1.718713793440684,1.949697262799096,2.013578011833176,17.02338568615384,15.45149921743726,53.9268944909182,1940.4261630628687
CIUDAD DE MEXICO,2018,9209944.0,23.1431092825321,1.42962125095984,17.6419644813308,0.0519522363374757,0.0518195615506952,1.24110360741188,0.633648831513289,14.3978042602539,1.00798658493472,56.1321676549178,2632.057263323208
COAHUILA DE ZARAGOZA,2018,3070028.6,20.88778825805372,1.798576342753176,24.118571933448358,0.427578233117907,0.2182001403890542,1.2305765440357317,0.7117312864719474,17.532274323572,10.88323104146726,47.19598828573736,1850.2433495244961
COLIMA,2018,723328.6,19.89237753261274,3.583948380981904,30.20933381292852,0.31749562619676763,0.3500045638720744,0.780514846720473,2.552927507497644,19.44786324186682,13.88795177707272,48.308087324923676,3405.3679060941326
DURANGO,2018,1801491.6,17.060538001645803,2.905051156056306,30.27844182343466,3.18550369112325,2.307320611612054,2.68820014203901,4.285550304340432,19.56093728000232,33.97437344269828,57.217378446140145,1806.280972944864
GUANAJUATO,2018,6041631.2,17.69473971364922,5.732064557436118,36.8228231784878,2.502694428901266,0.4961138030640048,3.40152629468896,2.251915511493066,20.28319336739692,33.82651765971292,55.21593603992662,2257.0560083177534
GUERRERO,2018,3537711.4,9.364831111819704,12.97436569944376,44.85904942984226,10.916979187883591,1.8056888191553602,13.18636696813934,15.10425400457896,36.56172561860792,48.75940975042552,69.48381405957556,824.3182301416673
HIDALGO,2018,2993048.2,16.2554060986593,7.278132451722194,32.47859973514174,2.384927477638886,0.8296796449826968,4.653383089771334,2.987837315886158,22.37676254755528,55.78320912020204,62.85363577536123,1720.653880548933
JALISCO,2018,8146822.6,20.12291340068558,3.1564808354408083,32.143635432713964,0.6894056831642112,0.3141887899153658,1.1866322923000387,1.62923635234995,17.26378188649186,16.69720100833948,45.27246190840444,2014.5645493741329
MEXICO,2018,16670494.0,19.24829362669348,3.0881130767421716,27.00807993164106,1.41097345562852,0.31024703391113195,3.28202660813728,2.01821974542177,23.83160833130424,19.13181535630768,53.71236354422286,2074.725560022396
MICHOACAN DE OCAMPO,2018,4683096.0,16.5131360490177,7.568183736042208,45.01202021198966,1.769917430343438,0.6160393912761384,3.394422026604316,5.712502613853116,22.51529830318246,38.7471169503385,60.32484272055956,985.8435530683121
MORELOS,2018,1944436.4,18.324673985506358,4.66454920207796,29.58337560568816,0.8628210425051044,0.3538996127819896,4.860171176667231,4.0132840077696486,22.38480623066744,25.53991972687926,60.98290262894288,2325.1467623214626
NAYARIT,2018,1213693.6,16.12173241371144,4.718616046850828,31.172658507053683,4.269540006112238,2.291380638034282,3.557361928814534,3.958511766599694,21.858093039584823,37.54031040847636,54.07850118541094,390.79055867148014
NUEVO LEON,2018,5518466.8,21.757040275734262,1.53658775031385,21.21817110299864,0.12541814583966798,0.1144541732492262,0.9669610547403812,0.7930995120322548,17.156476485704943,5.761134964729414,34.53414080342822,1532.0016059533057
OAXACA,2018,4066444.4,11.652413897135872,12.55647462432978,47.783700710441,2.1356900092182762,2.3044264855099623,11.219789519472535,13.770791622812261,33.00498282798048,60.244276878636,67.09245227234376,1079.5180182470956
PUEBLA,2018,6417520.0,16.008980670708382,7.53959979531092,39.68736824062062,1.318118297099806,0.719577658564045,5.5684756983717945,5.477130664917838,29.422823584828677,37.04829391521916,67.24421071719004,965.9962103741008
QUERETARO,2018,2038372.0,16.3114936387848,4.57161651044236,31.7764187048744,2.95730663184144,0.670498601695643,3.23089615699663,1.52326183774329,24.2096035769861,39.0743200946638,25.9233549905725,2937.0988220010872
QUINTANA ROO,2018,1715415.8,18.869757910042438,3.400834758483986,24.94543977363486,1.56120926448816,0.9403196322016796,2.073248724839734,2.419645717764952,30.20477286437086,12.62544508734052,45.68462950888414,1996.3672947398527
SAN LUIS POTOSI,2018,2780481.0,16.72701087210558,5.54236599629678,32.595462218154964,1.852085762423288,1.6234370988429059,8.854758626098334,5.2019314885659025,20.14887085877282,37.65046847850136,56.38352766877409,1385.659531570257
SINALOA,2018,3002694.2,18.7320149272419,3.8064924539523157,31.110070908658457,1.861686512974692,0.44737458160167876,2.039298199111238,2.4963115278114003,23.4678041861482,30.69712118641104,50.14100034469176,803.545029660363
SONORA,2018,2907036.0,19.80618827433018,2.074442847427946,24.4140434675867,0.8134507343366518,0.8181580315401212,1.785908972748036,2.497581735132262,20.62783576686372,16.04869286256904,49.90042045002306,644.0580715202701
TABASCO,2018,2399667.6,16.981675788327962,5.213666845974526,30.92611848490956,1.80317838104861,0.46890217951291235,7.7490879285896455,3.498544099194626,28.65528377517778,53.42041027739826,57.834877851457456,2431.836809398101
TAMAULIPAS,2018,3493320.2,19.474234328731278,2.761364609599046,28.38504122925744,0.2959068228796286,0.5503923124475485,1.978367155996236,1.456960132431886,21.93374144527706,12.31204459968782,60.7152422518565,1290.6059971255997
TLAXCALA,2018,1314925.0,18.290506067876862,3.603858326599818,29.182386322866698,1.1003238651224532,0.43367137933706,0.9912561115047509,1.879500200130704,26.14021574706092,33.8365832860669,67.87384885987188,488.1647242238151
VERACRUZ DE IGNACIO DE LA LLAVE,2018,8082549.4,14.8117909554802,8.904525764112837,42.07912291317028,1.385717262584228,1.289437685193428,10.561425764870233,6.325414227943773,26.670009032184062,45.997572244003315,66.7406970595394,766.7382769105005
YUCATAN,2018,2231408.8,15.55100303591956,6.584420346393729,34.6037807227102,7.56350103103373,0.8456820345899806,1.2945780410650158,1.516269132186298,30.27274657074278,24.500007613958918,60.8503148598667,588.7312087323488
ZACATECAS,2018,1604966.4,17.78611407770322,4.0234852249721005,35.14397281610567,3.0684322790951137,0.5257526974851132,2.351725557090238,1.247281947288314,19.74641898086844,45.928422998536035,61.31151505600956,1345.573340351549
AGUASCALIENTES,2019,1402994.4,21.34136942641128,2.209830927446434,24.8069708400594,0.4154265146515686,0.2463960907941366,0.604930036551629,0.7703348157356705,14.87819893159466,22.051064192412518,53.72429862282608,2742.6338978972403
BAJA CALIFORNIA,2019,3678369.2,20.79706558300206,1.855573886867354,25.76088677560866,0.2136664782480464,0.5617511249030083,2.24321084374012,1.761399144571564,16.27810290191872,8.834031081985447,63.40979157618408,2906.0160682076175
BAJA CALIFORNIA SUR,2019,781163.4,20.6428293151117,2.370094765396074,25.07348953978594,0.413248078398192,0.9961131756633972,5.744031771926515,4.864005133127947,20.126874811197602,11.347742033494061,40.86259038693656,2915.39516572333
CAMPECHE,2019,922676.6,16.98095219666706,6.02681812285795,30.97390172103526,2.8308157120237443,1.1540432848987598,4.478464107738478,2.7395113578388,31.56541240322266,30.11417981911536,64.14379928386292,260.87146894155546
CHIAPAS,2019,5478644.0,11.288883577731086,13.9573634572336,49.17575296159014,2.555359654179998,1.9359817170014342,11.23006739955946,12.265936170131,37.767630556391715,57.67948778671832,80.94889789882663,433.2458907715121
CHIHUAHUA,2019,3704810.0,19.3765590355865,2.63751292576777,28.50552604659636,1.409511156596128,1.6897122532145321,1.8033389722989979,2.098501119064858,15.31147702657912,14.91869249367798,60.3125716686153,2004.718190676445
CIUDAD DE MEXICO,2019,9209944.0,23.1431092825321,1.42962125095984,17.6419644813308,0.0519522363374757,0.0518195615506952,1.24110360741188,0.633648831513289,14.3978042602539,1.00798658493472,56.1321676549178,2661.080241095928
COAHUILA DE ZARAGOZA,2019,3108399.8,21.71673626566916,1.7354784049796281,22.80627096112858,0.363226250536247,0.1940112266640256,1.085534406217219,0.7296905788117771,15.5037236600465,10.46142789348018,53.61331273599119,1724.038201263557
COLIMA,2019,727359.8,20.71235301768052,3.478148175852362,29.01415460009466,0.2931793950065128,0.3388028974292592,0.7214412331322271,2.588272584172692,17.37952406249226,13.692281514391759,54.018138345009845,3666.4110389383627
DURANGO,2019,1817070.8,17.7666387916756,2.815357544301498,28.88434083871788,3.0148907587867,2.200095092245662,2.49834206591267,4.271430064963346,17.88666313615596,33.236334130838145,63.236219663999925,1701.749871276342
GUANAJUATO,2019,6104282.6,18.55709819849286,5.513346037460674,35.174079449012,2.215829689438748,0.4359184609714684,3.15727976602428,2.3351077517630783,18.59032810612276,33.544894582728155,61.15206849822966,2317.389434099922
GUERRERO,2019,3539198.2,10.176993424480901,12.72281331295898,43.706455501551474,10.15036708392622,1.6083476860813801,12.36782606679272,15.18561372288278,34.71092796433326,48.45229252421286,74.88112039550047,831.1769597984086
HIDALGO,2019,3037944.6,17.1542918771854,6.949795754327582,31.19180959043782,2.1427662626271182,0.7344898404343824,4.261894158945202,2.9192151859198243,20.44730289700764,54.80624271367432,68.39964994604256,1658.8518434470463
JALISCO,2019,8247486.8,20.96903058074334,3.026072866624004,30.839751563704382,0.6286319827284486,0.3062006068107774,0.9703654438066184,1.64338536344882,15.64357011576178,16.43015053842284,50.56390664321662,1921.5065612472395
MEXICO,2019,16831456.0,20.02596434929224,2.995485833070926,25.98375446789518,1.31114060147149,0.286796151232111,3.03299788755391,2.05143571442368,22.26683642273222,19.139774681660942,59.857525729788875,2148.0138141346774
MICHOACAN DE OCAMPO,2019,4715971.0,17.3969834236432,7.306685312196764,43.71106193423608,1.568517294021074,0.5522268115924112,3.107527429876188,5.651617537521138,20.670489041117577,38.1365800597816,65.47302726254958,1016.8425547994252
MORELOS,2019,1957978.2,19.06930595326888,4.55521635498314,28.55711511932588,0.7984760925927592,0.32545010671432184,4.542043809246266,4.057955383264694,20.83198193460862,25.83518365016258,67.28526736772224,2224.1820669913486
NAYARIT,2019,1224574.8,16.81884567191032,4.602413069746555,30.11280712231044,4.1202649932690445,2.2088425348419958,3.2892976463963617,3.972162279496942,19.93404281953606,37.00552740689048,59.45046928224112,391.4011622646489
NUEVO LEON,2019,5651454.4,22.60067929961608,1.50112990017552,20.14205983348452,0.1134375618652,0.1119628289686566,0.8347563166269916,0.7901407701526134,15.17728590368012,5.449311364661392,40.66297110389226,1383.325325955032
OAXACA,2019,4099296.2,12.434411677036586,12.19040691800454,46.5336488523105,2.036875241129068,2.114410438920956,10.608502822122448,13.882075733452881,31.22909015361424,59.822877619037605,72.97123928480869,1110.702856748922
PUEBLA,2019,6500399.0,16.865290170533342,7.2572429570302495,38.27889995256536,1.225113703048768,0.6667505145537229,5.111980625244753,5.4066954714923545,27.47407658733624,36.56532644296628,72.27105095557582,1195.0958702688868
QUERETARO,2019,2038372.0,16.3114936387848,4.57161651044236,31.7764187048744,2.95730663184144,0.670498601695643,3.23089615699663,1.52326183774329,24.2096035769861,39.0743200946638,25.9233549905725,3035.6088093831745
QUINTANA ROO,2019,1786700.4,19.74930992442432,3.235251765871658,23.73677917770258,1.35096191792109,0.8822032451774028,1.865398979487702,2.4213937507584262,28.16983695556188,12.04624568836736,51.47258483053362,2591.5928602243557
SAN LUIS POTOSI,2019,2801368.0,17.707509861084038,5.27881280293929,30.957878937178478,1.6853486079797642,1.402367334078108,8.247444452672212,5.084134008945366,18.46035404663496,36.839339980935975,60.631646676691794,1871.7283841323238
SINALOA,2019,3014818.6,19.6209334991239,3.6811562585485778,29.98677061894648,1.617739391753046,0.4231948121706544,1.721233863226594,2.3786635379289502,21.166555520198102,29.97835375416032,55.95307237165158,800.2471525152458
SONORA,2019,2925938.0,20.60591426301074,2.034453468724308,23.4099516371487,0.7356606686166425,0.7407571011904517,1.542200058733488,2.461066991203726,18.62587810376876,15.60210956951952,56.55841680235147,828.9307565642197
TABASCO,2019,2401132.8,17.65706334816588,5.150969849354018,30.04886161504958,1.7814495790755298,0.4804737923471712,6.964628368430528,3.433300233484308,27.37270109169044,53.34445689450678,64.79410655292787,2375.6703502613436
TAMAULIPAS,2019,3510527.6,20.23540834639204,2.670199728487568,27.089382719092917,0.2713101398836748,0.48923838708662276,1.800881238295008,1.436882216939358,19.68024104581968,11.776285726660259,68.4917528364348,1239.7566679151018
TLAXCALA,2019,1328951.0,19.080620867111982,3.478303962317924,28.0615718892934,1.0002227146698877,0.420200311812509,0.942919116305318,1.838446506493922,24.187771257014358,32.98353326668,73.34317024896104,336.3555164938361
VERACRUZ DE IGNACIO DE LA LLAVE,2019,8072564.2,15.6129742299407,8.701910015536068,40.977473133361045,1.3217751116020842,1.178762689725464,9.618137382171712,6.1541918876559665,24.88213891550608,45.929637404203056,72.42844641705841,1131.288618305445
YUCATAN,2019,2276153.4,16.53160786689478,6.29037787136059,33.0748276713969,6.7161067634062395,0.7668370515235807,1.178797219695358,1.463695444884584,28.22292972000274,23.908529946430658,65.2656464055868,721.4364374562805
ZACATECAS,2019,1613552.2,18.64167295546646,3.89103622785574,33.72820975826354,2.692424029780742,0.4927951524710566,2.092847040321534,1.246891912980322,17.997336878434723,45.17610099325682,66.61657311064518,1534.9363968516172
AGUASCALIENTES,2020,1425607.0,22.2057208476961,2.11195033427003,23.57826426196,0.348996335890995,0.231956400657092,0.552682508962848,0.774680559727328,13.1321907043457,21.2731839840854,58.5043522460131,2362.502428789982
BAJA CALIFORNIA,2020,3769020.0,21.3802974064342,1.82906710121644,24.6816482302214,0.199849561723513,0.584065577066844,2.09958724408407,1.91452284545262,14.5895729064941,8.45524831388531,73.5508605265931,2514.1548731500498
BAJA CALIFORNIA SUR,2020,798447.0,21.4733879221918,2.33625575004781,23.9820802637207,0.419938966497666,0.961081413585284,5.39331012454704,5.05909396041417,18.60085105896,10.2799559645161,45.4869781413987,2300.8415085785277
CAMPECHE,2020,928363.0,17.8050514011252,5.86313582310591,29.7814292836072,2.51711477374627,1.04523224065962,3.97575162788476,2.68708697884832,29.973819732666,29.923855216117,70.0062641923107,222.1113939267291
CHIAPAS,2020,5543828.0,11.9986541656442,13.7006800103466,48.1195498385394,2.45891406239606,1.79860120742681,10.6761380339513,12.3885710244841,36.0943946838379,57.6352296644124,85.5702744072091,317.77681414358455
CHIHUAHUA,2020,3741869.0,20.015271426362,2.63008075619087,27.3047426147505,1.41650818170214,1.66071071298838,1.6569806817989,2.18342422629654,13.5995683670044,14.3858857699187,66.6982488463124,1859.9261492051166
CIUDAD DE MEXICO,2020,9209944.0,23.1431092825321,1.42962125095984,17.6419644813308,0.0519522363374757,0.0518195615506952,1.24110360741188,0.633648831513289,14.3978042602539,1.00798658493472,56.1321676549178,2169.948047458269
COAHUILA DE ZARAGOZA,2020,3146771.0,22.5456842732846,1.67238046720608,21.4939699888088,0.298874267954587,0.169822312938997,0.940492268398706,0.747649871151607,13.475172996521,10.0396247454931,60.030637186245,1553.9103417439653
COLIMA,2020,731391.0,21.5323285027483,3.37234797072282,27.8189753872608,0.268863163816258,0.327601230986444,0.662367619543981,2.62361766084774,15.3111848831177,13.4966112517108,59.728189365096,3482.5421696466046
DURANGO,2020,1832650.0,18.4727395817054,2.72566393254669,27.4902398540011,2.84427782645015,2.09286957287927,2.30848398978633,4.25730982558626,16.2123889923096,32.498294818978,69.2550608818597,1438.7362562409626
GUANAJUATO,2020,6166934.0,19.4194566833365,5.29462751748523,33.5253357195362,1.92896494997623,0.375723118878932,2.9130332373596,2.41829999203309,16.8974628448486,33.2632715057434,67.0882009565327,2065.5158625015283
GUERRERO,2020,3540685.0,10.9891557371421,12.4712609264742,42.5538615732607,9.38375497996885,1.4110065530074,11.5492851654461,15.2669734411866,32.8601303100586,48.1451752980002,80.2784267314254,707.9985934925022
HIDALGO,2020,3082841.0,18.0531776557115,6.62145905693297,29.9050194457339,1.90060504761535,0.639300035886068,3.87040522811907,2.85059305595349,18.51784324646,53.8292763071466,73.9456641167239,1345.577018081698
JALISCO,2020,8348151.0,21.8151477608011,2.8956648978072,29.5358676946948,0.567858282292686,0.298212423706189,0.754098595313198,1.65753437454769,14.0233583450317,16.1631000685062,55.8553513780288,1546.018992708685
MEXICO,2020,16992418.0,20.803635071891,2.90285858939968,24.9594290041493,1.21130774731446,0.26334526855309,2.78396916697054,2.08465168342559,20.7020645141602,19.1477340070142,66.0026879153549,2060.330672185677
MICHOACAN DE OCAMPO,2020,4748846.0,18.2808307982687,7.04518688835132,42.4101036564825,1.36711715769871,0.488414231908684,2.82063283314806,5.59073246118916,18.8256797790527,37.5260431692247,70.6212118045396,993.3571229726127
MORELOS,2020,1971520.0,19.8139379210314,4.44588350788832,27.5308546329636,0.734131142680414,0.297000600646654,4.2239164418253,4.10262675875974,19.2791576385498,26.1304475734459,73.5876321065016,2070.4836877130333
NAYARIT,2020,1235456.0,17.5159589301092,4.48621009264228,29.0529557375672,3.97098998042585,2.12630443164971,3.02123336397819,3.98581279239419,18.0099925994873,36.4707444053046,64.8224373790713,349.91128781599673
NUEVO LEON,2020,5784442.0,23.4443183234979,1.46567205003719,19.0659485639704,0.101456977890732,0.109471484688087,0.702551578513602,0.787182028272972,13.1980953216553,5.13748776459337,46.7918014043563,1407.931828169424
OAXACA,2020,4132148.0,13.2164094569373,11.8243392116793,45.28359699418,1.93806047303986,1.92439439233195,9.99721612477236,13.9933598440935,29.453197479248,59.4014783594392,78.8500262972736,982.9028389109005
PUEBLA,2020,6583278.0,17.7215996703583,6.97488611874958,36.8704316645101,1.13210910899773,0.613923370543401,4.65548555211771,5.33626027806687,25.5253295898438,36.0823589707134,77.2978911939616,980.6360904096713
QUERETARO,2020,2038372.0,16.3114936387848,4.57161651044236,31.7764187048744,2.95730663184144,0.670498601695643,3.23089615699663,1.52326183774329,24.2096035769861,39.0743200946638,25.9233549905725,2612.3788984542566
QUINTANA ROO,2020,1857985.0,20.6288619388062,3.06966877325933,22.5281185817703,1.14071457135402,0.824086858153126,1.65754923413567,2.4231417837519,26.1349010467529,11.4670462893942,57.2605401521831,2228.866217972696
SAN LUIS POTOSI,2020,2822255.0,18.6880088500625,5.0152596095818,29.320295656202,1.51861145353624,1.18129756931331,7.64013027924609,4.96633652932483,16.7718372344971,36.0282114833706,64.8797656846095,1632.701509962778
SINALOA,2020,3026943.0,20.5098520710059,3.55582006314484,28.8634703292345,1.3737922705314,0.39901504273963,1.40316952734195,2.2610155480465,18.865306854248,29.2595863219096,61.7651443986114,806.9857939181543
SONORA,2020,2944840.0,21.4056402516913,1.99446409002067,22.4058598067107,0.657870602896633,0.663356170840782,1.29849114471894,2.42455224727519,16.6239204406738,15.15552627647,63.2164131546799,1085.5598266798875
TABASCO,2020,2402598.0,18.3324509080038,5.08827285273351,29.1716047451896,1.75972077710245,0.49204540518143,6.18016880827141,3.36805636777399,26.0901184082031,53.2685035116153,71.7533352543983,1878.7162896164903
TAMAULIPAS,2020,3527735.0,20.9965823640528,2.57903484737609,25.7937242089284,0.246713456887721,0.428084461725697,1.62339532059378,1.41680430144683,17.4267406463623,11.2405268536327,76.2682634210131,933.7152592244031
TLAXCALA,2020,1342977.0,19.8707356663471,3.35274959803603,26.9407574557201,0.900121564217322,0.406729244287958,0.894582121105885,1.79739281285714,22.2353267669678,32.1304832472931,78.8124916380502,311.8445066445665
VERACRUZ DE IGNACIO DE LA LLAVE,2020,8062579.0,16.4141575044012,8.4992942669593,39.8758233535518,1.25783296061994,1.0680876942575,8.67484899947319,5.98296954736816,23.0942687988281,45.8617025644028,78.1161957745774,994.7437414256655
YUCATAN,2020,2320898.0,17.51221269787,5.99633539632745,31.5458746200836,5.86871249577875,0.687992068457181,1.0630163983257,1.41112175758287,26.1731128692627,23.3170522789024,69.6809779513069,363.09221689190997
ZACATECAS,2020,1622138.0,19.4972318332297,3.75858723073938,32.3124467004214,2.31641578046637,0.459837607457,1.83396852355283,1.24650187867233,16.248254776001,44.4237789879776,71.9216311652808,1469.1105195735506
AGUASCALIENTES,2021,1425607.0,22.2057208476961,2.11195033427003,23.57826426196,0.348996335890995,0.231956400657092,0.552682508962848,0.774680559727328,13.1321907043457,21.2731839840854,58.5043522460131,2503.284565802497
BAJA CALIFORNIA,2021,3769020.0,21.3802974064342,1.82906710121644,24.6816482302214,0.199849561723513,0.584065577066844,2.09958724408407,1.91452284545262,14.5895729064941,8.45524831388531,73.5508605265931,2710.545446827027
BAJA CALIFORNIA SUR,2021,798447.0,21.4733879221918,2.33625575004781,23.9820802637207,0.419938966497666,0.961081413585284,5.39331012454704,5.05909396041417,18.60085105896,10.2799559645161,45.4869781413987,2359.8310219714017
CAMPECHE,2021,928363.0,17.8050514011252,5.86313582310591,29.7814292836072,2.51711477374627,1.04523224065962,3.97575162788476,2.68708697884832,29.973819732666,29.923855216117,70.0062641923107,620.0160928429935
CHIAPAS,2021,5543828.0,11.9986541656442,13.7006800103466,48.1195498385394,2.45891406239606,1.79860120742681,10.6761380339513,12.3885710244841,36.0943946838379,57.6352296644124,85.5702744072091,315.99104445520317
CHIHUAHUA,2021,3741869.0,20.015271426362,2.63008075619087,27.3047426147505,1.41650818170214,1.66071071298838,1.6569806817989,2.18342422629654,13.5995683670044,14.3858857699187,66.6982488463124,2041.546617479126
CIUDAD DE MEXICO,2021,9209944.0,23.1431092825321,1.42962125095984,17.6419644813308,0.0519522363374757,0.0518195615506952,1.24110360741188,0.633648831513289,14.3978042602539,1.00798658493472,56.1321676549178,2448.1256346401237
COAHUILA DE ZARAGOZA,2021,3146771.0,22.5456842732846,1.67238046720608,21.4939699888088,0.298874267954587,0.169822312938997,0.940492268398706,0.747649871151607,13.475172996521,10.0396247454931,60.030637186245,1803.404187975547
COLIMA,2021,731391.0,21.5323285027483,3.37234797072282,27.8189753872608,0.268863163816258,0.327601230986444,0.662367619543981,2.62361766084774,15.3111848831177,13.4966112517108,59.728189365096,3888.0708130124654
DURANGO,2021,1832650.0,18.4727395817054,2.72566393254669,27.4902398540011,2.84427782645015,2.09286957287927,2.30848398978633,4.25730982558626,16.2123889923096,32.498294818978,69.2550608818597,1630.2621886339452
GUANAJUATO,2021,6166934.0,19.4194566833365,5.29462751748523,33.5253357195362,1.92896494997623,0.375723118878932,2.9130332373596,2.41829999203309,16.8974628448486,33.2632715057434,67.0882009565327,2260.264176655693
GUERRERO,2021,3540685.0,10.9891557371421,12.4712609264742,42.5538615732607,9.38375497996885,1.4110065530074,11.5492851654461,15.2669734411866,32.8601303100586,48.1451752980002,80.2784267314254,731.9205182048106
HIDALGO,2021,3082841.0,18.0531776557115,6.62145905693297,29.9050194457339,1.90060504761535,0.639300035886068,3.87040522811907,2.85059305595349,18.51784324646,53.8292763071466,73.9456641167239,1515.6149798189397
JALISCO,2021,8348151.0,21.8151477608011,2.8956648978072,29.5358676946948,0.567858282292686,0.298212423706189,0.754098595313198,1.65753437454769,14.0233583450317,16.1631000685062,55.8553513780288,1571.4377950279052
MEXICO,2021,16992418.0,20.803635071891,2.90285858939968,24.9594290041493,1.21130774731446,0.26334526855309,2.78396916697054,2.08465168342559,20.7020645141602,19.1477340070142,66.0026879153549,2326.990779063933
MICHOACAN DE OCAMPO,2021,4748846.0,18.2808307982687,7.04518688835132,42.4101036564825,1.36711715769871,0.488414231908684,2.82063283314806,5.59073246118916,18.8256797790527,37.5260431692247,70.6212118045396,1013.5725605757694
MORELOS,2021,1971520.0,19.8139379210314,4.44588350788832,27.5308546329636,0.734131142680414,0.297000600646654,4.2239164418253,4.10262675875974,19.2791576385498,26.1304475734459,73.5876321065016,2159.298409349132
NAYARIT,2021,1235456.0,17.5159589301092,4.48621009264228,29.0529557375672,3.97098998042585,2.12630443164971,3.02123336397819,3.98581279239419,18.0099925994873,36.4707444053046,64.8224373790713,421.94946643182755
NUEVO LEON,2021,5784442.0,23.4443183234979,1.46567205003719,19.0659485639704,0.101456977890732,0.109471484688087,0.702551578513602,0.787182028272972,13.1980953216553,5.13748776459337,46.7918014043563,1690.9669074389542
OAXACA,2021,4132148.0,13.2164094569373,11.8243392116793,45.28359699418,1.93806047303986,1.92439439233195,9.99721612477236,13.9933598440935,29.453197479248,59.4014783594392,78.8500262972736,1035.4420993633335
PUEBLA,2021,6583278.0,17.7215996703583,6.97488611874958,36.8704316645101,1.13210910899773,0.613923370543401,4.65548555211771,5.33626027806687,25.5253295898438,36.0823589707134,77.2978911939616,1152.100822720839
QUERETARO,2021,2038372.0,16.3114936387848,4.57161651044236,31.7764187048744,2.95730663184144,0.670498601695643,3.23089615699663,1.52326183774329,24.2096035769861,39.0743200946638,25.9233549905725,2713.0474712172263
QUINTANA ROO,2021,1857985.0,20.6288619388062,3.06966877325933,22.5281185817703,1.14071457135402,0.824086858153126,1.65754923413567,2.4231417837519,26.1349010467529,11.4670462893942,57.2605401521831,2610.0856573115498
SAN LUIS POTOSI,2021,2822255.0,18.6880088500625,5.0152596095818,29.320295656202,1.51861145353624,1.18129756931331,7.64013027924609,4.96633652932483,16.7718372344971,36.0282114833706,64.8797656846095,1822.9394579866098
SINALOA,2021,3026943.0,20.5098520710059,3.55582006314484,28.8634703292345,1.3737922705314,0.39901504273963,1.40316952734195,2.2610155480465,18.865306854248,29.2595863219096,61.7651443986114,923.7702857305209
SONORA,2021,2944840.0,21.4056402516913,1.99446409002067,22.4058598067107,0.657870602896633,0.663356170840782,1.29849114471894,2.42455224727519,16.6239204406738,15.15552627647,63.2164131546799,1304.9605411499435
TABASCO,2021,2402598.0,18.3324509080038,5.08827285273351,29.1716047451896,1.75972077710245,0.49204540518143,6.18016880827141,3.36805636777399,26.0901184082031,53.2685035116153,71.7533352543983,2032.3416568231555
TAMAULIPAS,2021,3527735.0,20.9965823640528,2.57903484737609,25.7937242089284,0.246713456887721,0.428084461725697,1.62339532059378,1.41680430144683,17.4267406463623,11.2405268536327,76.2682634210131,1064.7908643931587
TLAXCALA,2021,1342977.0,19.8707356663471,3.35274959803603,26.9407574557201,0.900121564217322,0.406729244287958,0.894582121105885,1.79739281285714,22.2353267669678,32.1304832472931,78.8124916380502,339.1718547674309
VERACRUZ DE IGNACIO DE LA LLAVE,2021,8062579.0,16.4141575044012,8.4992942669593,39.8758233535518,1.25783296061994,1.0680876942575,8.67484899947319,5.98296954736816,23.0942687988281,45.8617025644028,78.1161957745774,1110.3519109704228
YUCATAN,2021,2320898.0,17.51221269787,5.99633539632745,31.5458746200836,5.86871249577875,0.687992068457181,1.0630163983257,1.41112175758287,26.1731128692627,23.3170522789024,69.6809779513069,369.0381912518344
ZACATECAS,2021,1622138.0,19.4972318332297,3.75858723073938,32.3124467004214,2.31641578046637,0.459837607457,1.83396852355283,1.24650187867233,16.248254776001,44.4237789879776,71.9216311652808,1631.0572836589733
AGUASCALIENTES,2022,1425607.0,22.2057208476961,2.11195033427003,23.57826426196,0.348996335890995,0.231956400657092,0.552682508962848,0.774680559727328,13.1321907043457,21.2731839840854,58.5043522460131,2779.658068457857
BAJA CALIFORNIA,2022,3769020.0,21.3802974064342,1.82906710121644,24.6816482302214,0.199849561723513,0.584065577066844,2.09958724408407,1.91452284545262,14.5895729064941,8.45524831388531,73.5508605265931,3047.8214496075902
BAJA CALIFORNIA SUR,2022,798447.0,21.4733879221918,2.33625575004781,23.9820802637207,0.419938966497666,0.961081413585284,5.39331012454704,5.05909396041417,18.60085105896,10.2799559645161,45.4869781413987,2591.2803229268816
CAMPECHE,2022,928363.0,17.8050514011252,5.86313582310591,29.7814292836072,2.51711477374627,1.04523224065962,3.97575162788476,2.68708697884832,29.973819732666,29.923855216117,70.0062641923107,2808.4919368824476
CHIAPAS,2022,5543828.0,11.9986541656442,13.7006800103466,48.1195498385394,2.45891406239606,1.79860120742681,10.6761380339513,12.3885710244841,36.0943946838379,57.6352296644124,85.5702744072091,295.3374455340245
CHIHUAHUA,2022,3741869.0,20.015271426362,2.63008075619087,27.3047426147505,1.41650818170214,1.66071071298838,1.6569806817989,2.18342422629654,13.5995683670044,14.3858857699187,66.6982488463124,2041.6000667046335
CIUDAD DE MEXICO,2022,9209944.0,23.1431092825321,1.42962125095984,17.6419644813308,0.0519522363374757,0.0518195615506952,1.24110360741188,0.633648831513289,14.3978042602539,1.00798658493472,56.1321676549178,2547.235900674315
COAHUILA DE ZARAGOZA,2022,3146771.0,22.5456842732846,1.67238046720608,21.4939699888088,0.298874267954587,0.169822312938997,0.940492268398706,0.747649871151607,13.475172996521,10.0396247454931,60.030637186245,2076.9862185713546
COLIMA,2022,731391.0,21.5323285027483,3.37234797072282,27.8189753872608,0.268863163816258,0.327601230986444,0.662367619543981,2.62361766084774,15.3111848831177,13.4966112517108,59.728189365096,3943.171299619492
DURANGO,2022,1832650.0,18.4727395817054,2.72566393254669,27.4902398540011,2.84427782645015,2.09286957287927,2.30848398978633,4.25730982558626,16.2123889923096,32.498294818978,69.2550608818597,1464.5458761902164
GUANAJUATO,2022,6166934.0,19.4194566833365,5.29462751748523,33.5253357195362,1.92896494997623,0.375723118878932,2.9130332373596,2.41829999203309,16.8974628448486,33.2632715057434,67.0882009565327,2382.4967155477907
GUERRERO,2022,3540685.0,10.9891557371421,12.4712609264742,42.5538615732607,9.38375497996885,1.4110065530074,11.5492851654461,15.2669734411866,32.8601303100586,48.1451752980002,80.2784267314254,804.1381823008825
HIDALGO,2022,3082841.0,18.0531776557115,6.62145905693297,29.9050194457339,1.90060504761535,0.639300035886068,3.87040522811907,2.85059305595349,18.51784324646,53.8292763071466,73.9456641167239,1711.5705934882792
JALISCO,2022,8348151.0,21.8151477608011,2.8956648978072,29.5358676946948,0.567858282292686,0.298212423706189,0.754098595313198,1.65753437454769,14.0233583450317,16.1631000685062,55.8553513780288,1573.2346000928828
MEXICO,2022,16992418.0,20.803635071891,2.90285858939968,24.9594290041493,1.21130774731446,0.26334526855309,2.78396916697054,2.08465168342559,20.7020645141602,19.1477340070142,66.0026879153549,2379.814338371384
MICHOACAN DE OCAMPO,2022,4748846.0,18.2808307982687,7.04518688835132,42.4101036564825,1.36711715769871,0.488414231908684,2.82063283314806,5.59073246118916,18.8256797790527,37.5260431692247,70.6212118045396,979.9854533080247
MORELOS,2022,1971520.0,19.8139379210314,4.44588350788832,27.5308546329636,0.734131142680414,0.297000600646654,4.2239164418253,4.10262675875974,19.2791576385498,26.1304475734459,73.5876321065016,2264.192095439052
NAYARIT,2022,1235456.0,17.5159589301092,4.48621009264228,29.0529557375672,3.97098998042585,2.12630443164971,3.02123336397819,3.98581279239419,18.0099925994873,36.4707444053046,64.8224373790713,767.0042478242851
NUEVO LEON,2022,5784442.0,23.4443183234979,1.46567205003719,19.0659485639704,0.101456977890732,0.109471484688087,0.702551578513602,0.787182028272972,13.1980953216553,5.13748776459337,46.7918014043563,1895.6193181641374
OAXACA,2022,4132148.0,13.2164094569373,11.8243392116793,45.28359699418,1.93806047303986,1.92439439233195,9.99721612477236,13.9933598440935,29.453197479248,59.4014783594392,78.8500262972736,1082.3184455155044
PUEBLA,2022,6583278.0,17.7215996703583,6.97488611874958,36.8704316645101,1.13210910899773,0.613923370543401,4.65548555211771,5.33626027806687,25.5253295898438,36.0823589707134,77.2978911939616,1184.8960350755353
QUERETARO,2022,2038372.0,16.3114936387848,4.57161651044236,31.7764187048744,2.95730663184144,0.670498601695643,3.23089615699663,1.52326183774329,24.2096035769861,39.0743200946638,25.9233549905725,2944.7519883514883
QUINTANA ROO,2022,1857985.0,20.6288619388062,3.06966877325933,22.5281185817703,1.14071457135402,0.824086858153126,1.65754923413567,2.4231417837519,26.1349010467529,11.4670462893942,57.2605401521831,2819.1831473343436
SAN LUIS POTOSI,2022,2822255.0,18.6880088500625,5.0152596095818,29.320295656202,1.51861145353624,1.18129756931331,7.64013027924609,4.96633652932483,16.7718372344971,36.0282114833706,64.8797656846095,1991.1382918977909
SINALOA,2022,3026943.0,20.5098520710059,3.55582006314484,28.8634703292345,1.3737922705314,0.39901504273963,1.40316952734195,2.2610155480465,18.865306854248,29.2595863219096,61.7651443986114,1023.1444728229109
SONORA,2022,2944840.0,21.4056402516913,1.99446409002067,22.4058598067107,0.657870602896633,0.663356170840782,1.29849114471894,2.42455224727519,16.6239204406738,15.15552627647,63.2164131546799,1172.1859252115567
TABASCO,2022,2402598.0,18.3324509080038,5.08827285273351,29.1716047451896,1.75972077710245,0.49204540518143,6.18016880827141,3.36805636777399,26.0901184082031,53.2685035116153,71.7533352543983,1894.4492586774816
TAMAULIPAS,2022,3527735.0,20.9965823640528,2.57903484737609,25.7937242089284,0.246713456887721,0.428084461725697,1.62339532059378,1.41680430144683,17.4267406463623,11.2405268536327,76.2682634210131,1090.6998399823117
TLAXCALA,2022,1342977.0,19.8707356663471,3.35274959803603,26.9407574557201,0.900121564217322,0.406729244287958,0.894582121105885,1.79739281285714,22.2353267669678,32.1304832472931,78.8124916380502,335.0764756209526
VERACRUZ DE IGNACIO DE LA LLAVE,2022,8062579.0,16.4141575044012,8.4992942669593,39.8758233535518,1.25783296061994,1.0680876942575,8.67484899947319,5.98296954736816,23.0942687988281,45.8617025644028,78.1161957745774,1088.795533042219
YUCATAN,2022,2320898.0,17.51221269787,5.99633539632745,31.5458746200836,5.86871249577875,0.687992068457181,1.0630163983257,1.41112175758287,26.1731128692627,23.3170522789024,69.6809779513069,181.6538253727652
ZACATECAS,2022,1622138.0,19.4972318332297,3.75858723073938,32.3124467004214,2.31641578046637,0.459837607457,1.83396852355283,1.24650187867233,16.248254776001,44.4237789879776,71.9216311652808,1641.7838679569804
AGUASCALIENTES,2023,1425607.0,22.2057208476961,2.11195033427003,23.57826426196,0.348996335890995,0.231956400657092,0.552682508962848,0.774680559727328,13.1321907043457,21.2731839840854,58.5043522460131,1526.0166371236953
BAJA CALIFORNIA,2023,3769020.0,21.3802974064342,1.82906710121644,24.6816482302214,0.199849561723513,0.584065577066844,2.09958724408407,1.91452284545262,14.5895729064941,8.45524831388531,73.5508605265931,1581.4721068076053
BAJA CALIFORNIA SUR,2023,798447.0,21.4733879221918,2.33625575004781,23.9820802637207,0.419938966497666,0.961081413585284,5.39331012454704,5.05909396041417,18.60085105896,10.2799559645161,45.4869781413987,1442.1746214839557
CAMPECHE,2023,928363.0,17.8050514011252,5.86313582310591,29.7814292836072,2.51711477374627,1.04523224065962,3.97575162788476,2.68708697884832,29.973819732666,29.923855216117,70.0062641923107,1618.224767682469
CHIAPAS,2023,5543828.0,11.9986541656442,13.7006800103466,48.1195498385394,2.45891406239606,1.79860120742681,10.6761380339513,12.3885710244841,36.0943946838379,57.6352296644124,85.5702744072091,151.628080813474
CHIHUAHUA,2023,3741869.0,20.015271426362,2.63008075619087,27.3047426147505,1.41650818170214,1.66071071298838,1.6569806817989,2.18342422629654,13.5995683670044,14.3858857699187,66.6982488463124,1018.7956873957908
CIUDAD DE MEXICO,2023,9209944.0,23.1431092825321,1.42962125095984,17.6419644813308,0.0519522363374757,0.0518195615506952,1.24110360741188,0.633648831513289,14.3978042602539,1.00798658493472,56.1321676549178,1320.5834910614005
COAHUILA DE ZARAGOZA,2023,3146771.0,22.5456842732846,1.67238046720608,21.4939699888088,0.298874267954587,0.169822312938997,0.940492268398706,0.747649871151607,13.475172996521,10.0396247454931,60.030637186245,1019.8072881693647
COLIMA,2023,731391.0,21.5323285027483,3.37234797072282,27.8189753872608,0.268863163816258,0.327601230986444,0.662367619543981,2.62361766084774,15.3111848831177,13.4966112517108,59.728189365096,2000.84496527849
DURANGO,2023,1832650.0,18.4727395817054,2.72566393254669,27.4902398540011,2.84427782645015,2.09286957287927,2.30848398978633,4.25730982558626,16.2123889923096,32.498294818978,69.2550608818597,640.8752353149811
GUANAJUATO,2023,6166934.0,19.4194566833365,5.29462751748523,33.5253357195362,1.92896494997623,0.375723118878932,2.9130332373596,2.41829999203309,16.8974628448486,33.2632715057434,67.0882009565327,1242.1731771411855
GUERRERO,2023,3540685.0,10.9891557371421,12.4712609264742,42.5538615732607,9.38375497996885,1.4110065530074,11.5492851654461,15.2669734411866,32.8601303100586,48.1451752980002,80.2784267314254,434.40746635184996
HIDALGO,2023,3082841.0,18.0531776557115,6.62145905693297,29.9050194457339,1.90060504761535,0.639300035886068,3.87040522811907,2.85059305595349,18.51784324646,53.8292763071466,73.9456641167239,933.7166594060478
JALISCO,2023,8348151.0,21.8151477608011,2.8956648978072,29.5358676946948,0.567858282292686,0.298212423706189,0.754098595313198,1.65753437454769,14.0233583450317,16.1631000685062,55.8553513780288,811.6887200530992
MEXICO,2023,16992418.0,20.803635071891,2.90285858939968,24.9594290041493,1.21130774731446,0.26334526855309,2.78396916697054,2.08465168342559,20.7020645141602,19.1477340070142,66.0026879153549,1147.7177644758974
MICHOACAN DE OCAMPO,2023,4748846.0,18.2808307982687,7.04518688835132,42.4101036564825,1.36711715769871,0.488414231908684,2.82063283314806,5.59073246118916,18.8256797790527,37.5260431692247,70.6212118045396,521.600405656448
MORELOS,2023,1971520.0,19.8139379210314,4.44588350788832,27.5308546329636,0.734131142680414,0.297000600646654,4.2239164418253,4.10262675875974,19.2791576385498,26.1304475734459,73.5876321065016,1191.263593572472
NAYARIT,2023,1235456.0,17.5159589301092,4.48621009264228,29.0529557375672,3.97098998042585,2.12630443164971,3.02123336397819,3.98581279239419,18.0099925994873,36.4707444053046,64.8224373790713,488.32172088686286
NUEVO LEON,2023,5784442.0,23.4443183234979,1.46567205003719,19.0659485639704,0.101456977890732,0.109471484688087,0.702551578513602,0.787182028272972,13.1980953216553,5.13748776459337,46.7918014043563,903.4233552691859
OAXACA,2023,4132148.0,13.2164094569373,11.8243392116793,45.28359699418,1.93806047303986,1.92439439233195,9.99721612477236,13.9933598440935,29.453197479248,59.4014783594392,78.8500262972736,562.6855572452874
PUEBLA,2023,6583278.0,17.7215996703583,6.97488611874958,36.8704316645101,1.13210910899773,0.613923370543401,4.65548555211771,5.33626027806687,25.5253295898438,36.0823589707134,77.2978911939616,602.1924032374145
QUERETARO,2023,2038372.0,16.3114936387848,4.57161651044236,31.7764187048744,2.95730663184144,0.670498601695643,3.23089615699663,1.52326183774329,24.2096035769861,39.0743200946638,25.9233549905725,1638.8078329176424
QUINTANA ROO,2023,1857985.0,20.6288619388062,3.06966877325933,22.5281185817703,1.14071457135402,0.824086858153126,1.65754923413567,2.4231417837519,26.1349010467529,11.4670462893942,57.2605401521831,1529.7217146532398
SAN LUIS POTOSI,2023,2822255.0,18.6880088500625,5.0152596095818,29.320295656202,1.51861145353624,1.18129756931331,7.64013027924609,4.96633652932483,16.7718372344971,36.0282114833706,64.8797656846095,1104.3296938086744
SINALOA,2023,3026943.0,20.5098520710059,3.55582006314484,28.8634703292345,1.3737922705314,0.39901504273963,1.40316952734195,2.2610155480465,18.865306854248,29.2595863219096,61.7651443986114,585.9046569426646
SONORA,2023,2944840.0,21.4056402516913,1.99446409002067,22.4058598067107,0.657870602896633,0.663356170840782,1.29849114471894,2.42455224727519,16.6239204406738,15.15552627647,63.2164131546799,606.3147743171106
TABASCO,2023,2402598.0,18.3324509080038,5.08827285273351,29.1716047451896,1.75972077710245,0.49204540518143,6.18016880827141,3.36805636777399,26.0901184082031,53.2685035116153,71.7533352543983,945.5597648878423
TAMAULIPAS,2023,3527735.0,20.9965823640528,2.57903484737609,25.7937242089284,0.246713456887721,0.428084461725697,1.62339532059378,1.41680430144683,17.4267406463623,11.2405268536327,76.2682634210131,618.7256128932587
TLAXCALA,2023,1342977.0,19.8707356663471,3.35274959803603,26.9407574557201,0.900121564217322,0.406729244287958,0.894582121105885,1.79739281285714,22.2353267669678,32.1304832472931,78.8124916380502,151.67795129775118
VERACRUZ DE IGNACIO DE LA LLAVE,2023,8062579.0,16.4141575044012,8.4992942669593,39.8758233535518,1.25783296061994,1.0680876942575,8.67484899947319,5.98296954736816,23.0942687988281,45.8617025644028,78.1161957745774,567.8331958049652
YUCATAN,2023,2320898.0,17.51221269787,5.99633539632745,31.5458746200836,5.86871249577875,0.687992068457181,1.0630163983257,1.41112175758287,26.1731128692627,23.3170522789024,69.6809779513069,90.69765237421032
ZACATECAS,2023,1622138.0,19.4972318332297,3.75858723073938,32.3124467004214,2.31641578046637,0.459837607457,1.83396852355283,1.24650187867233,16.248254776001,44.4237789879776,71.9216311652808,877.1140309887321
